City_ID,City_Name,City_CountryCode,City_IATACode,City_Latitude,City_Longitude,City_RadiusOverrideMI
232879,Andorra,AD,AD1,42.5457839000,1.5778194000,12.0
232852,"Arinsal, Andorra",AD,AD1,42.5749768000,1.4817611000,1.0
232856,"Canillo, Andorra",AD,AD1,42.5869461000,1.6391513000,12.0
419,"Abu Dhabi, United Arab Emirates",AE,AUH,24.4329132147,54.4408247148,25.0
26766,"Ajman, Ajman, United Arab Emirates",AE,DXB,25.4051335890,55.5102270693,5.0
2198,"Al-fujairah, United Arab Emirates",AE,DXB,25.1197025556,56.3333015820,4.0
26699,"Dubai Coast, Dubai, United Arab Emirates",AE,DXB,25.1167280000,55.1304700000,5.0
1865,"Dubai, United Arab Emirates",AE,AE1,25.0490889376,55.1180329667,28.0
26726,"Jumeirah, Dubai, United Arab Emirates",AE,DXB,25.2055510000,55.2392160000,3.0
6258,"Ras Al Khaimah, United Arab Emirates",AE,DXB,25.7906720446,55.9780272754,19.0
57739,"Antigua, Antigua and Barbuda",AG,ANU,17.0880030000,-61.7941500000,10.0
537,"Barbuda, Antigua and Barbuda",AG,BBQ,17.5555550000,-61.7650000000,10.0
232858,"Arlberg (The), Austria",AT,INN,47.1675533000,10.1202145000,12.0
225204,"Sankt Gallenkirch, Vorarlberg, Austria",AT,ZRH,47.0209099820,9.9744661361,2.0
233007,"Solden, Austria",AT,INN,46.9640714420,11.0083616921,3.0
285,"St Anton, Austria",AT,AT1,47.1302666527,10.2697717512,2.0
7754,"Vienna, Austria",AT,VIE,48.2081740000,16.3738190000,4.0
81,"Adelaide, South Australia, Australia",AU,ADL,-34.9286210000,138.5999590000,11.0
810,"Brisbane, Queensland, Australia",AU,BNE,-27.4709330000,153.0235020000,12.0
1381,"Cairns, Queensland, Australia",AU,CNS,-16.9212127042,145.7677729102,12.0
1124,"Canberra, Australian Capital Territory, Australia",AU,CBR,-35.2804489067,149.1259753223,12.0
5398,"Gold Coast, Queensland, Australia",AU,OOL,-28.0171482025,153.4073965918,30.0
4433,"Melbourne, Victoria, Australia",AU,MEL,-37.8131870000,144.9629800000,14.0
6979,"Sydney, New South Wales, Australia",AU,SYD,-33.8734619341,151.2113825344,10.0
413,"Aruba, Aruba",AW,AUA,12.5149585926,-69.9644465234,10.5
46305,"Bosnia, Bosnia and Herzegovina",BA,TZL,44.1681423865,17.9200264531,60.0
232761,"Barbados, Barbados",BB,BGI,13.1466631050,-59.5898054838,14.0
647,"Bridgetown, Barbados",BB,BGI,13.0944426034,-59.6100579004,3.0
232977,"St. James, Barbados",BB,BGI,13.1842610212,-59.6330567964,3.0
903,"Brussels, Belgium",BE,BRU,50.8503400000,4.3517100000,6.0
164060,"Ghent City Centre, Belgium",BE,BRU,51.0542839037,3.7232998466,10.0
214780,"Albena, Dobrich Province, Bulgaria",BG,VAR,43.3656430000,28.0817870000,3.0
838,"Bourgas (Burgas), Bulgaria",BG,BOJ,42.5078476291,27.4604875410,9.0
6751,"Sofia, Bulgaria",BG,SOF,42.6923806330,23.3244794385,9.0
227413,"Sunny Beach, Bulgaria",BG,BOJ,42.6952930000,27.7103980000,5.0
505,"Manama, Bahrain",BH,BAH,26.2242228698,50.5903444336,6.0
57401,"St. Barthelemy, Saint Barthélemy",BL,SBH,17.9073260000,-62.8339920000,6.0
232847,"Bermuda, Bermuda",BM,BDA,32.3105580000,-64.7545553000,12.0
232836,"Bahamas (All Bahamas), Bahamas",BS,NAS,24.4913493512,-77.8293204687,60.0
4947,"Nassau, Bahamas",BS,NAS,25.0164517116,-77.4061114502,10.0
232990,"Chobe National Park, Botswana",BW,BBK,-18.4663206586,24.5167278117,65.0
2283,"Francistown, Botswana",BW,FRW,-21.1760078628,27.5099658203,10.0
2358,"Gaborone, Botswana",BW,GBE,-24.6659784956,25.8949842432,11.0
2526,"Ghanzi, Botswana",BW,GNZ,-21.6955340378,21.6484718940,9.0
2915,"Hukuntsi, Botswana",BW,HUK,-23.9925872732,21.7649345398,8.0
3379,"Jwaneng, Botswana",BW,JWA,-24.6028094215,24.7205696724,8.0
532,"Kasane, Botswana",BW,BBK,-17.8008147241,25.1697410583,9.0
3547,"Khwai River Lodge, Botswana",BW,KHW,-19.0000000000,23.5000000000,25.0
4162,"Lobatse, Botswana",BW,LOQ,-25.2067415304,25.6840039365,7.0
4792,"Maun, Botswana",BW,MUB,-19.9972903415,23.4195686719,9.0
5422,"Orapa, Botswana",BW,ORP,-21.3329663605,25.4146118164,10.0
6924,"Savuti, Botswana",BW,SVT,-18.5695570151,24.0661658623,11.0
5730,"Selebi-Phikwe, Botswana",BW,PKW,-21.9774293118,27.8393273018,7.0
6952,"Shakawe, Botswana",BW,SWX,-18.3689971058,21.8419150688,8.0
6964,"Suapan, Botswana",BW,SXN,-20.7812867896,26.1166670000,30.0
7070,"Tsabong, Botswana",BW,TBY,-26.0191646031,22.4055555498,8.0
7250,"Tuli Block, Botswana",BW,TLD,-22.1400895696,29.1146070635,9.0
8417,"Banff, Canada",CA,YYC,51.1748480272,-115.5697559048,4.0
8845,"Calgary, Alberta, Canada",CA,YYC,51.0347715920,-114.0517487305,20.0
232999,"Kicking Horse Mountain Resort, Golden, British Columbia, Canada",CA,YRV,51.2981673141,-117.0481714178,4.0
8630,"Montreal, Canada",CA,YMQ,45.5158659706,-73.6454908525,14.0
8671,"Ottawa, Ontario, Canada",CA,YOW,45.4115720000,-75.6981940000,12.0
8777,"Toronto, Canada",CA,YTO,43.6535240000,-79.3839070000,12.0
8807,"Vancouver, British Columbia, Canada",CA,YVR,49.2110118629,-123.0754748516,18.0
9106,"Zurich, Switzerland",CH,ZRH,47.3673470000,8.5500020000,5.0
729,"Beijing, China",CN,BJS,39.9042140000,116.4074130000,18.0
6573,"Shanghai, China",CN,SHA,31.2303930000,121.4737040000,8.0
233012,"Yabuli, China",CN,HRB,44.7805945729,128.4690909033,3.0
232839,"Cuba (North), Cuba",CU,HAV,23.0631061183,-81.8598405078,51.5
7819,"Varadero, Cuba",CU,VRA,23.1472716273,-81.2680252051,13.0
232764,"Cyprus, Cyprus",CY,CY1,35.0176642730,33.5556298930,75.0
176267,"Limassol, Cyprus",CY,PFO,34.6817780000,33.0431820000,11.0
1907,"Nicosia (Lefkosa), Cyprus",CY,NIC,35.1485760136,33.3640242847,6.0
232765,"Northern Cyprus, Cyprus",CY,ECN,35.3291503000,33.8743519000,50.0
5640,"Paphos, Cyprus",CY,PFO,34.7736858889,32.4214704175,13.0
5860,"Prague, Czech Republic",CZ,PRG,50.0745923607,14.4400293970,8.0
228997,"Spindleruv Mlyn, Czech Republic",CZ,PED,50.7323530000,15.6117260000,1.5
232754,"Augsburg, Bavaria, Germany",DE,MUC,48.3689500000,10.8978400000,3.0
92029,"Augsburg-Göggingen, Augsburg, Bavaria, Germany",DE,MUC,48.3368150000,10.8625810000,2.0
612,"Berlin, Germany",DE,BER,52.5192269940,13.4083100952,9.0
1230,"Cologne, Germany",DE,CGN,50.9406640000,6.9599110000,6.0
2265,"Frankfurt, Germany",DE,FRA,50.1088986839,8.6875027363,10.0
2686,"Hamburg, Germany",DE,HAM,53.5538130000,9.9915860000,6.0
4793,"Munich, Germany",DE,MUC,48.1391270000,11.5801860000,8.0
1417,"Copenhagen, Denmark",DK,CPH,55.6887586289,12.5583267617,7.0
232762,"Dominican Republic, Dominican Republic",DO,PUJ,18.9078985000,-69.4965746672,80.0
57577,"Punta Cana, La Altagracia, Dominican Republic",DO,PUJ,18.5938600000,-68.3826800000,24.0
6501,"Santo Domingo, Dominican Republic",DO,SDQ,18.4573435692,-69.9318345869,6.0
1090,"Cairo, Egypt",EG,CAI,30.0440535278,31.2361819141,16.0
232954,"Giza, Egypt",EG,CAI,30.0107729498,31.2078993299,5.0
2870,"Hurghada, Egypt",EG,HRG,27.2105310113,33.7224158936,15.0
4302,"Luxor, Egypt",EG,LXR,25.6811083470,32.6406324863,20.0
232865,"Makadi, Egypt",EG,HRG,26.9885215500,33.8889923203,7.0
6276,"Marsa Alam, Egypt",EG,RMF,25.0675198489,34.8901102827,80.0
232868,"North Coast, Egypt",EG,CAI,30.9343925000,29.3086517000,20.0
232955,"Red Sea Coast, Egypt",EG,HRG,27.2188245153,33.8716837071,40.0
232864,"Sahl Hasheesh, Egypt",EG,HRG,27.0345906236,33.8571073838,5.0
6846,"Sharm el-Sheikh, Egypt",EG,SSH,27.9584345818,34.3323822959,10.0
232957,"Soma Bay, Egypt",EG,HRG,26.7688829236,33.9424153875,15.0
219,"Alicante, Costa Blanca, Spain",ES,ALC,38.3452100000,-0.4809940000,12.0
232966,"Andalusia, Spain",ES,AGP,36.7962519770,-3.8995781742,90.0
232859,"Baqueria Beret, Spain",ES,TOU,42.6952754000,0.9158446000,12.0
559,"Barcelona, Spain",ES,BCN,41.3874282027,2.1326293904,9.0
232818,"Benalmadena, Costa del Sol, Spain",ES,AGP,36.5975731805,-4.5186889342,2.0
9191,"Benidorm, Costa Blanca, Spain",ES,ALC,38.5401252246,-0.1222708776,6.0
699,"Bilbao, Spain",ES,BIO,43.2624635818,-2.9399204922,12.0
232830,"Costa Almeria, Spain",ES,LEI,36.8395913001,-2.3439362695,21.0
9184,"Costa Blanca, Alicante, Spain",ES,ALC,38.2630768211,-0.0076660703,45.0
9185,"Costa Brava, Catalonia, Spain",ES,ES1,41.8166951747,3.1092497051,21.0
20568,"Costa de Almeria, Spain",ES,LEI,36.7956159264,-2.1516755273,50.0
23552,"Costa de la Luz, Spain",ES,SVQ,36.5427783008,-6.7696661094,60.0
9183,"Costa del Sol, Andalusia, Spain",ES,AGP,36.5318718664,-4.4708672367,41.0
23361,"Costa Dorada (Daurada), Spain",ES,REU,40.8881283698,1.0700234230,30.0
23355,"El Hierro, Canary Islands, Spain",ES,VDE,27.7494740000,-18.0135100000,10.0
22369,"Formentera, Balearic Islands, Spain",ES,IBZ,38.6921270000,1.4589550000,8.0
2184,"Fuengirola, Costa del Sol, Spain",ES,AGP,36.5418842956,-4.6237199629,3.0
9188,"Fuerteventura, Canary Islands, Spain",ES,FUE,28.3297364348,-14.0674089102,35.0
9187,"Gran Canaria, Canary Islands, Spain",ES,LPA,27.9604441049,-15.5923245434,23.0
2978,"Ibiza, Balearic Islands, Spain",ES,IBZ,38.9876950743,1.4062551484,13.0
23492,"La Gomera, Canary Islands, Spain",ES,GMZ,28.1193640000,-17.2294580000,10.0
9190,"La Palma, Canary Islands, Spain",ES,SPC,28.6617267000,-17.8431727000,15.0
9189,"Lanzarote, Canary Islands, Spain",ES,ACE,29.0431340676,-13.6359483743,20.0
4170,"Las Palmas, Gran Canaria, Spain",ES,LPA,28.1292529968,-15.4286614553,4.0
4331,"Madrid, Spain",ES,MAD,40.4166910000,-3.7003450000,11.0
9203,"Magalluf, Majorca (Mallorca), Spain",ES,PMI,39.5063337726,2.5320166477,2.0
9186,"Majorca (Mallorca), Balearic Islands, Spain",ES,PMI,39.6045444178,2.9116512360,34.0
21533,"Mallorca Interior, Majorca (Mallorca), Spain",ES,PMI,39.6199340000,2.9729170000,10.0
23694,"Mallorca Island, Majorca (Mallorca), Spain",ES,PMI,39.6045444178,2.9116512360,34.0
4335,"Menorca, Balearic Islands, Spain",ES,MAH,39.9690208231,4.0779405703,17.0
21522,"Mijas Costa, Spain",ES,AGP,36.5596834207,-4.6121188672,3.0
19974,"Mijas Pueblo, Mijas, Andalusia, Spain",ES,AGP,36.5938530000,-4.6401620000,2.0
23992,"Mijas, Andalusia, Spain",ES,AGP,36.5955700000,-4.6377100000,5.0
4555,"Murcia, Spain",ES,RMU,37.9834450000,-1.1298900000,14.0
9280,"Playa Blanca, Lanzarote, Spain",ES,ACE,28.8720100000,-13.8416250000,2.0
23860,"Salou, Catalonia, Spain",ES,REU,41.0763400000,1.1317600000,4.0
232802,"San Antonio, Ibiza, Balearic Islands, Spain",ES,IBZ,38.9823651000,1.2929359000,10.0
24017,"Seville, Andalusia, Spain",ES,SVQ,37.3861900000,-5.9919800000,7.0
11170,"Tenerife North, Tenerife, Canary Islands, Spain",ES,TCI,28.4923993041,-16.3934292266,18.0
11148,"Tenerife South, Tenerife, Canary Islands, Spain",ES,TCI,28.1170963758,-16.5793839630,17.0
7080,"Tenerife, Canary Islands, Spain",ES,TCI,28.3048648912,-16.5014139356,31.0
232849,"Lapland, Lappi, Finland",FI,RVN,67.2009920840,26.4641880437,70.0
6904,"Suva, Fiji",FJ,SUV,-18.1392203839,178.4403336816,5.0
159,"Alpe d'Huez, France",FR,FR4,45.0907251030,6.0651368940,1.0
441,"Avignon, France",FR,AVN,43.9493170000,4.8055280000,15.0
229035,"Avoriaz, Morzine, Haute-Savoie, France",FR,GVA,46.1906970000,6.7733110000,2.0
686,"Bastia, Corsica, France",FR,FR2,42.6966660323,9.4471650156,3.0
228679,"Bourg-Saint-Maurice, Savoie, France",FR,FR1,45.6173932558,6.7689812593,3.0
42235,"Cité, Narbonne, Aude, France",FR,BZR,43.1848680000,3.0051490000,5.0
232908,"Corsica, France",FR,FR2,42.2038318113,9.1371315281,59.0
163489,"Courchevel Ski Resort, France",FR,FR1,45.4078270206,6.6365443176,2.0
1530,"Courchevel, France",FR,FR1,45.4299261554,6.6216757354,3.0
8117,"Disneyland Paris Area, Chessy, France",FR,PAR,48.8670505402,2.7837217286,8.0
228584,"Espace Killy, France",FR,CVF,45.4565050000,6.9565630000,4.0
231900,"Isola, Alpes-Maritimes, France",FR,NCE,44.1866230000,7.0533130000,2.0
232928,"La Balagne & North, Corsica, France",FR,FR2,42.6803709034,9.0970108305,30.0
228488,"La Plagne, France",FR,FR1,45.5035151422,6.6891879099,1.5
232883,"Les Arcs, France",FR,FR1,45.5731929898,6.8027763893,4.5
122926,"Les Deux Alpes, Isere, France",FR,FR4,45.0135378555,6.1254512910,2.5
228585,"Les Trois Vallees/Three Valleys (Les 3 Vallees), France",FR,GVA,45.3480600000,6.5805630000,15.0
54050,"L'Extreme-Sud, Corsica, France",FR,FR3,41.6836379125,9.1198784805,25.0
230368,"Morzine, Haute-Savoie, France",FR,GVA,46.1793670000,6.7086490000,2.0
232929,"North East Corsica, France",FR,FR2,42.6741590640,9.4038184922,25.0
173653,"Paradiski, France",FR,CVF,45.5347940000,6.7446330000,7.0
5537,"Paris, France",FR,PAR,48.8566140000,2.3522220000,6.0
230522,"Tignes, Savoie, France",FR,FR1,45.4686730829,6.9054265289,5.0
232930,"Valinco & West Coast, Corsica, France",FR,FR3,41.9248395143,8.7428205102,26.0
1916,"Edinburgh, Scotland, United Kingdom",GB,EDI,55.9040130474,-3.1710565078,10.0
4179,"Liverpool, England, United Kingdom",GB,LPL,53.4146254436,-2.9441689160,9.5
4159,"London, England, United Kingdom",GB,LON,51.4948767394,-0.1223077877,13.0
4341,"Manchester, England, United Kingdom",GB,MAN,53.4796914423,-2.2426167461,5.0
232997,"Newport, Wales, United Kingdom",GB,CWL,51.5840547080,-2.9985158713,4.0
232840,"Grenada, Grenada",GD,GND,12.1101352335,-61.6833876371,12.0
226324,"Aghios Nikolaos Town, Agios Nikolaos, Crete, Greece",GR,HER,35.1873464723,25.6881238887,6.0
396,"Athens, Greece",GR,ATH,37.9677533815,23.7349991836,8.0
1255,"Chania, Crete, Greece",GR,CHQ,35.3994167390,23.8198812092,24.0
232746,"Corfu, Greece",GR,CFU,39.5674040079,19.8541683000,21.0
232763,"Crete, Greece",GR,GR1,35.0303121224,24.8052616344,90.0
226250,"Faliraki, Rhodes, South Aegean, Greece",GR,RHO,36.3429760000,28.2040940000,3.0
232766,"Halkidiki, Greece",GR,SKG,40.2752769000,23.6687786000,28.0
2739,"Heraklion, Crete, Greece",GR,HER,35.3864673848,25.3314338213,27.0
232969,"Ionian Coast, Greece",GR,EFL,38.7683825029,20.1959800156,65.0
1931,"Kefalonia (Cephalonia), Greece",GR,EFL,38.2064172031,20.5216450133,18.0
3523,"Kos, Greece",GR,KGS,36.7749081924,27.1364767305,13.0
232832,"Lassithi Area, Crete, Greece",GR,HER,35.3051220196,25.6892203701,10.0
230643,"Lefkas (Lefkada), Greece",GR,PVK,38.7056792351,20.6425268477,12.0
226247,"Lindos, Rhodes, South Aegean, Greece",GR,RHO,36.0928164494,28.0854376772,3.0
3311,"Mykonos, South Aegean, Greece",GR,JMK,37.4475587081,25.3760296934,5.0
225576,"Parga, Epirus, Greece",GR,PVK,39.2870025758,20.3254001121,7.5
232799,"Pefkos (Pevkos), Rhodes, Greece",GR,RHO,36.0700710899,28.0527539558,4.0
41797,"Peloponnese, Western Greece and the Ionian, Greece",GR,PYR,37.3520392468,22.0891953203,65.0
232831,"Rethymno Area, Crete, Greece",GR,GR1,35.4842210814,24.5877871543,15.0
6222,"Rhodes, South Aegean, Greece",GR,RHO,36.0903818894,28.1800274445,28.0
232789,"Santorini, Greece",GR,JTR,36.4083768421,25.4892934926,8.0
3351,"Skiathos, Greece",GR,JSI,39.1702853000,23.4551102000,4.0
232968,"Skopelos, Thessaly, Greece",GR,JSI,39.1430062075,23.6787225977,7.0
230091,"Zakinthos (Zante), Greece",GR,ZTH,37.7797899035,20.7801326182,13.0
9137,"Zakinthos (Zante), Greece",GR,ZTH,37.7558330000,20.8883320000,17.0
2789,Hong Kong,HK,HKG,22.2478600000,114.2033840000,13.0
6360,"Roatan, Honduras",HN,RTB,16.3656501427,-86.3830244434,18.0
166209,"Croatian Coast, Croatia",HR,ZAD,43.4902713167,16.5469091719,40.0
232829,"Dubrovnik Riviera, Croatia",HR,DBV,42.6400870000,18.1734122000,20.0
1635,"Dubrovnik, Croatia",HR,DBV,42.6506796656,18.0978810146,4.0
54048,"Istria Region, Istria County, Croatia",HR,PUY,45.2946100000,13.9378200000,30.0
225802,"South Croatia Coast, Croatia",HR,BWK,42.6555109434,18.0841195293,40.0
6788,"Split, Croatia",HR,SPU,43.5125036391,16.4589334192,5.0
8881,"Zagreb, Croatia",HR,ZAG,45.8137027486,15.9784358936,7.0
232772,"Bali, Indonesia",ID,DPS,-8.3030333281,115.0586912055,42.0
3301,"Jakarta, Indonesia",ID,JKT,-6.1955023188,106.8235426665,8.0
232982,"Lombok, Indonesia",ID,LOP,-8.5315114927,116.2372919336,35.0
1840,"Dublin, Ireland",IE,DUB,53.3412752968,-6.2600494922,9.0
174554,"Dead Sea, Southern District, Israel",IL,ETM,31.1505568389,35.2459064648,15.0
136,"Agra, India",IN,AGR,27.1748272115,78.0094678945,10.0
245,"Ahmedabad, India",IN,AMD,23.0234241982,72.5699250049,8.5
774,"Bangalore (Bengaluru), India",IN,BLR,12.9694842013,77.6011898828,11.0
232938,"Dehradun, Uttarakhand, India",IN,DED,30.3237727075,78.0387606944,10.0
232958,"Delhi, India",IN,DEL,28.6771082608,77.2223262549,4.0
2533,"Goa, India",IN,GOI,15.3845340000,73.8398300000,45.0
2947,"Hyderabad, India",IN,HYD,17.4178049860,78.4482188516,20.0
232878,"Kerala, Malabar Coast, India",IN,TRV,8.4997330000,76.9241666000,50.0
840,"Mumbai, India",IN,BOM,19.0591687113,72.8763432910,20.0
1658,"New Delhi, India",IN,DEL,28.5740437986,77.1941737891,6.0
7177,"Tehran, Iran",IR,IKA,35.7005720008,51.3372253115,8.0
6183,"Reykjavik, Iceland",IS,REK,64.1273988710,-21.8749539576,5.0
226935,"Aeolian Islands, Italy",IT,IT3,38.6690781838,14.8525756719,32.0
153,"Alghero, Sardinia, Italy",IT,IT2,40.5808809129,8.3158037197,5.0
232857,"Alta Valtellina, Italy",IT,LIN,46.4334161000,10.3812376000,12.0
773,"Bologna, Italy",IT,BLQ,44.4941900000,11.3465190000,9.0
1088,"Cagliari, Sardinia, Italy",IT,CAG,39.2415710299,9.1396372334,7.0
227800,"Castelvetrano, Sicily, Italy",IT,IT4,37.6794303006,12.7923654231,3.0
1481,"Catania, Sicily, Italy",IT,IT3,37.5025337402,15.0796099102,5.0
232886,"Central Sardinia, Italy",IT,IT1,40.0695896289,9.0700746891,45.0
225030,"Champoluc, Ayas, Valle d'Aosta, Italy",IT,TRN,45.8348460000,7.7242160000,3.0
227521,"Chia, Domus de Maria, Sardinia, Italy",IT,CAG,38.9075750723,8.8772551641,1.0
227169,"Costa Rei, Sardinia, Italy",IT,CAG,39.2509671879,9.5715898042,3.0
226906,"Custonaci, Sicily, Italy",IT,IT4,38.0778309823,12.6783768357,3.0
41412,"Eastern Sardinia, Sardinia, Italy",IT,OLB,40.9528730000,9.5052700000,30.0
226900,"Eastern Sicily, Italy",IT,CTA,37.4418000000,15.0648250000,40.0
1891,"Elba Island, Italy",IT,EBA,42.7666660000,10.2833330000,11.0
2218,"Florence, Tuscany, Italy",IT,FLR,43.7687320000,11.2569010000,5.0
230565,"Giardini Naxos, Sicily, Italy",IT,IT3,37.8315229374,15.2682384868,3.0
228191,"La Corte, Sassari, Sardinia, Italy",IT,AHO,40.7352100000,8.2806720000,6.0
228881,"Lake Como, Lombardy, Italy",IT,MXP,45.9667555363,9.2619945293,16.0
3938,"Lecce, Italy",IT,BDS,40.3532910000,18.1740150000,6.0
8999,"Lipari, Aeolian Islands, Italy",IT,IT4,38.4896883280,14.9372326874,4.0
101578,"Livigno Alps, Italy",IT,IT6,46.5370719147,10.1370295923,2.0
169475,"Madonna di Campiglio, Trentino-Alto Adige, Italy",IT,BGY,46.2312770000,10.8271370000,7.0
232919,"Marsala, Sicily, Italy",IT,IT4,37.7968235770,12.4426296484,5.0
225788,"Menfi, Sicily, Italy",IT,IT4,37.6031145523,12.9687345820,3.0
6340,"Naples, Campania, Italy",IT,NAP,40.8518459678,14.2650434648,9.0
232769,"Neapolitan Riviera, Italy",IT,NAP,40.6777818710,14.7669284044,25.0
232884,"North East Sardinia, Italy",IT,IT2,40.8741615655,9.2561497305,32.0
232885,"North West Sardinia, Italy",IT,IT2,40.7156577006,8.5943048070,34.5
5768,"Palermo, Sicily, Italy",IT,IT3,38.1066028812,13.3547179648,11.0
218583,"Palma di Montechiaro, Sicily, Italy",IT,IT3,37.1919105033,13.7641957249,3.0
6311,"Rome, Lazio, Italy",IT,ROM,41.8905200000,12.4942490000,12.0
232920,"Salina, Aeolian Islands, Italy",IT,IT4,38.5614816719,14.8397178281,3.5
229054,"San Vito Lo Capo, Sicily, Italy",IT,IT4,38.1591847899,12.7420097461,5.0
232776,"Sardinia, Italy",IT,IT1,40.0978411000,9.1161433000,85.0
230577,"Sciacca, Sicily, Italy",IT,IT4,37.5083310539,13.0815170212,3.0
166234,"Seccagrande, Ribera, Sicily, Italy",IT,IT3,37.4319715109,13.2457518730,2.0
166207,"Sicily North Coast, Italy",IT,PMO,38.3421436640,13.8072398984,90.0
232924,"Sicily North East, Italy",IT,CTA,38.0096379270,14.8042491757,46.0
166211,"Sicily South Coast, Italy",IT,CTA,36.9921852740,14.4678147344,60.0
232925,"Sicily South East, Italy",IT,CTA,36.8814601386,14.9549617188,36.0
232922,"Sicily, Italy",IT,IT4,37.5624896256,14.0269664609,90.0
231790,"Sorrento, Campania, Italy",IT,NAP,40.6264300000,14.3756800000,2.0
232778,"Southern Sardinia, Sardinia, Italy",IT,CAG,39.4250374403,8.9764782313,47.0
232336,"Syracuse, Sicily, Italy",IT,IT3,37.0740237722,15.2881098042,10.0
7356,"Trapani, Sicily, Italy",IT,IT4,38.0123733802,12.5377503760,8.0
232931,"Tuscany, Italy",IT,IT5,43.4632099000,11.0896821000,60.0
7713,"Venice, Italy",IT,VCE,45.4343360000,12.3387840000,4.0
232921,"Vulcano, Aeolian Islands, Italy",IT,IT4,38.3871698924,14.9778086455,3.5
232777,"Western Sardinia, Sardinia, Italy",IT,IT2,40.3818031000,8.4113153000,45.0
127008,"Western Sicily, Italy",IT,IT3,37.7777020000,13.1048000000,40.0
3263,"Jersey, Jersey",JE,JER,49.2192012728,-2.1291126768,7.5
232759,"Jamaica, Jamaica",JM,JM1,18.1754555000,-77.3585764000,80.0
3563,"Kingston, Jamaica",JM,KIN,18.0168927717,-76.7975021641,5.0
5001,"Negril, Jamaica",JM,MBJ,18.2750825538,-78.3467255874,7.0
5262,"Ocho Rios, Jamaica",JM,MBJ,18.4046290728,-77.0845614612,3.0
176224,"Dead Sea, Jordan",JO,AMM,31.2683639663,35.7575488906,20.0
232964,"Petra, Jordan",JO,AQJ,30.3284544000,35.4443622000,5.0
233010,"Hakuba, Japan",JP,HND,36.6979970162,137.8635521341,3.0
233011,"Kiroro, Japan",JP,CTS,43.0681302738,140.9890284721,2.0
7572,"Kyoto, Japan",JP,ITM,35.0000000000,135.7500000000,7.0
7489,"Tokyo, Japan",JP,TYO,35.6822367393,139.7665503604,8.0
797,"Bamburi, Kenya",KE,BMQ,-3.9966590000,39.7188760000,2.0
5785,"Phnom Penh, Cambodia",KH,PNH,11.5440927412,104.9288041699,12.0
232842,"St Kitts & Nevis, Saint Kitts and Nevis",KN,SKB,17.2763946932,-62.6835755762,15.0
3241,"Incheon, South Korea",KR,JCN,37.4533134155,126.7019668579,5.0
232838,"Cayman Islands (All Cayman Islands), Cayman Islands",KY,GCM,19.4775687189,-80.5233123438,65.0
232760,"St. Lucia (Saint Lucia), Saint Lucia",LC,SLU,13.8918638000,-60.9716325000,18.0
232792,"Sri Lanka, Sri Lanka",LK,CMB,7.1021486137,80.7404993844,90.0
121,"Agadir, Morocco",MA,AGA,30.4236319908,-9.5888539844,10.0
1100,"Casablanca, Morocco",MA,CMN,33.5805400801,-7.6029023970,8.0
6109,"Marrakech (Marrakesh), Morocco",MA,RAK,31.6249726311,-7.9949729839,7.0
6123,"Rabat, Morocco",MA,RBA,34.0031278480,-6.8474959531,5.0
135396,"Lustica, Montenegro",ME,TIV,42.3824700432,18.6000517249,3.5
232983,Montenegro,ME,TIV,42.2842420000,18.8610180000,28.0
7312,"Antananarivo, Madagascar",MG,TNR,-18.9198405323,47.5272150586,10.0
232841,"Martinique, Martinique",MQ,FDF,14.6476770958,-61.0015486479,25.0
2670,"Gozo, Malta",MT,GZM,36.0697013257,14.2618913496,5.0
232758,"Malta, Malta",MT,MLA,35.8836460000,14.4421863000,10.0
232433,"Mellieha, Malta",MT,MLA,35.9642715389,14.3510187195,1.0
232834,"Paradise Bay, Mellieha, Malta",MT,MLA,35.9839297699,14.3354987542,1.0
232835,"St Georges Bay, Malta",MT,MLA,35.9259197033,14.4870128048,1.0
225260,"St. Pauls Bay, Malta",MT,MLA,35.9429399732,14.3950474338,0.5
232994,"Belle Mare, Mauritius",MU,MRU,-20.2023760210,57.7758292275,3.0
232993,"Flic-en-Flac, Mauritius",MU,MRU,-20.2824223840,57.3737124519,5.0
232992,"Grand Baie, Mauritius",MU,MRU,-20.0126455226,57.5872592048,7.0
232995,"Le Morne, Mauritius",MU,MRU,-20.4520418001,57.3349169807,5.0
232790,"Mauritius, Mauritius",MU,MRU,-20.2792020000,57.5841693000,24.0
232791,"Port Louis, Mauritius",MU,MRU,-20.1599964287,57.5070757035,5.0
232948,"Ari Atoll, Maldives",MV,MLE,3.8737633800,72.8179692730,40.0
232937,"Baa Atoll, Maldives",MV,MLE,5.1810442313,72.9096358148,30.0
232991,"Central Atolls, Maldives",MV,MLE,2.9571651695,73.3754982281,100.0
232950,"Faafu Atoll, Maldives",MV,MLE,3.1356167463,72.8796922484,20.0
232947,"Kaafu Atoll, Maldives",MV,MLE,4.4140117285,73.5105222797,25.0
232936,"Laamu Atoll, Maldives",MV,MLE,1.9404127599,73.4588663984,20.0
232945,"Lhaviyani Atoll, Maldives",MV,MLE,5.3980815000,73.5059448410,15.0
7697,"Maamigili, Maldives",MV,MLE,3.4760523000,72.8365284000,10.0
232779,"Maldives, Maldives",MV,MLE,4.0263280000,73.3645119000,150.0
232946,"Malé Atoll, Maldives",MV,MLE,4.4276658214,73.5123409629,22.0
4586,"Male, Maldives",MV,MLE,4.1907745234,73.5227283862,5.0
232944,"Noonu Atoll, Maldives",MV,MLE,5.8188274000,73.3049010000,20.0
232984,"North Islands, Maldives",MV,MLE,5.3526826679,73.0848794531,150.0
232949,"Rasdhoo (Rashdoo) Atoll, Maldives",MV,MLE,4.2962069655,72.9760003838,5.0
232951,"Shaviyani Atoll, Maldives",MV,MLE,6.1600545995,73.1196638242,27.0
232985,"South Islands, Maldives",MV,MLE,1.1241911345,73.2530158687,150.0
232952,"Vaavu Atoll, Maldives",MV,MLE,3.4504064000,73.3598182000,24.0
1516,"Cancun, Mexico",MX,CUN,20.9000415837,-86.8057704492,55.0
4444,"Mexico City, Mexico",MX,MEX,19.4270500000,-99.1275710000,7.0
5582,"Playa Del Carmen, Mexico",MX,CUN,20.6327762688,-87.0704742432,8.0
232941,"Puerto Morelos, Riviera Maya, Mexico",MX,CUN,20.8474558148,-86.8760742108,3.0
232843,"Riviera Maya, Mexico",MX,CUN,20.7819652798,-87.3111415429,60.0
3807,"Kuala Lumpur, Malaysia",MY,KUL,3.1390030000,101.6868550000,20.0
232872,"Penang, Malaysia",MY,PEN,5.3751961000,100.2487036000,9.0
4163,"Lagos, Nigeria",NG,LOS,6.5171581438,3.3809161592,11.0
259,"Amsterdam, Netherlands",NL,AMS,52.3730560000,4.8922220000,10.0
6367,"Rotterdam, Netherlands",NL,RTM,51.9242160000,4.4817760000,12.0
233001,"Gausta, Rjukan, Norway",NO,OSL,59.8810414000,8.7355469000,2.0
5440,"Oslo, Norway",NO,OSL,59.9138690000,10.7522450000,6.0
230864,"Trysil, Innlandet, Norway",NO,OSL,61.3160300000,12.2616960000,24.0
204,"Auckland, New Zealand",NZ,AKL,-36.8484600000,174.7633310000,8.0
1243,"Christchurch, Canterbury, New Zealand",NZ,CHC,-43.5303460000,172.6324300000,8.0
7962,"Wellington, New Zealand",NZ,WLG,-41.2919016102,174.7682146875,5.0
176281,"Dibba, Musandam Governorate, Oman",OM,DXB,25.6486851055,56.2566721960,3.0
4394,"Muscat, Muscat Governorate, Oman",OM,MCT,23.5887072720,58.3925301807,12.0
232932,"North Oman, Oman",OM,MCT,26.1618618952,56.5086399836,23.0
6684,"Salalah, Oman",OM,SLL,17.0102203019,54.1127734868,12.0
4054,"Lima, Peru",PE,LIM,-12.0476263942,-77.0410613857,10.0
232970,"Boracay, Phillippines",PH,MPH,11.9692831000,121.9272291000,3.0
1178,"Cebu, Philippines",PH,CEB,10.3086041029,123.9003825391,9.0
4638,"Manila, Philippines",PH,MNL,14.5995120000,120.9842190000,6.0
3143,"Islamabad, Pakistan",PK,ISB,33.7005843286,73.0384953857,20.0
4033,"Lahore, Pakistan",PK,LHE,31.4950738841,74.3423551953,13.0
3733,"Krakow, Poland",PL,KRK,50.0554381504,19.9458349800,8.0
7880,"Warsaw, Poland",PL,PL1,52.2230948987,21.0144887305,9.0
57611,"Puerto Rico Island, Puerto Rico",PR,SJU,18.2302661426,-66.4513328906,55.0
26462,"Algarve, Portugal",PT,FAO,37.2006002902,-8.3156074297,47.0
661,"Braga, Portugal",PT,BGZ,41.5460173861,-8.4268098677,3.5
26050,"Cascais Coast, Portugal",PT,LIS,38.7274480000,-9.4532560000,10.0
26372,"Douro Valley, Portugal",PT,OPO,41.2061230000,-7.5301800000,20.0
2236,"Funchal, Portugal",PT,FNC,32.6439910406,-16.9115908105,4.0
26529,"Madeira Island, Madeira Region, Portugal",PT,FNC,32.7593730000,-16.9740240000,20.0
5406,"Porto (Oporto), Porto District, Portugal",PT,OPO,41.1499680000,-8.6102430000,1.0
1777,"Doha, Qatar",QA,DOH,25.2793664808,51.5306011797,14.0
8177,"Brașov (Brasov), Romania",RO,GHV,45.6486000000,25.6061000000,5.0
965,"Bucharest, Romania",RO,BUH,44.4377110000,26.0973670000,8.0
225452,"Transylvania, Romania",RO,TGM,46.5399500000,24.1396390000,80.0
4672,"Moscow, Russia",RU,MOW,55.7557860000,37.6176330000,12.0
176110,"AlUla, Al Madinah Province, Saudi Arabia",SA,ULH,26.6027331399,37.9304883169,5.0
1747,"Dammam, Saudi Arabia",SA,DMM,26.4015459621,50.0842092869,15.0
3256,"Jeddah, Saudi Arabia",SA,JED,21.5342502300,39.1780438203,20.0
4425,"Madinah (Medina), Madinah Province, Saudi Arabia",SA,MED,24.4656447211,39.6131363115,14.0
6008,"Makkah (Mecca), Makkah Province, Saudi Arabia",SA,JED,21.4267000000,39.8261000000,12.0
233014,"Makkah Province, Saudi Arabia",SA,JED,21.4238236235,39.8178602539,100.0
176244,"Mecca, Makkah Province, Saudi Arabia",SA,JED,21.4235587237,39.8240338837,12.0
6378,"Riyadh, Saudi Arabia",SA,RUH,24.6963077304,46.6726645977,20.0
232996,"La Digue, Seychelles",SC,SEZ,-4.3629093888,55.8375395249,2.0
232793,"Seychelles, Seychelles",SC,SEZ,-4.6590895000,55.4568815000,70.0
220775,"Salen, Dalarna County, Sweden",SE,SCR,61.1558038253,13.1148812884,11.0
6875,"Stockholm, Sweden",SE,STO,59.3327880000,18.0644880000,5.0
6610,"Singapore, Singapore",SG,SIN,1.2908099429,103.8252607617,12.0
2440,"Garoe (Garowe), Somalia",SO,GGR,8.4001865131,48.4651679375,12.0
232976,Sint Maarten (Saint Marteen),SX,SXM,18.0529733328,-63.0594582545,7.0
56319,"Caicos Islands, Turks and Caicos Islands",TC,PLS,21.7176933935,-71.8140272266,65.0
56278,"Turks Islands, Turks and Caicos Islands",TC,SLX,21.7255044383,-71.7354074219,50.0
232914,"Ao Nang, Krabi, Thailand",TH,KBV,8.0297336045,98.8398248332,8.0
745,"Bangkok, Thailand",TH,BKK,13.7234190000,100.4762320000,20.0
2765,"Hua Hin, Thailand",TH,BKK,12.5695190020,99.9574581482,7.0
233013,"Khao Lak, Thailand",TH,HKT,8.6862253561,98.2475315782,6.0
233005,"Koh Chang, Thailand",TH,BKK,12.0122638113,102.3094612191,11.0
233006,"Koh Jum, Thailand",TH,KBV,7.8014495836,98.9771800949,1.5
233003,"Koh Lanta, Thailand",TH,KBV,7.5991855833,99.0441737793,11.0
233002,"Koh Phangan, Thailand",TH,USM,9.7349696000,100.0212050000,7.0
7645,"Koh Samui, Thailand",TH,USM,9.5065589569,100.0027185181,9.0
233004,"Koh Tao, Thailand",TH,USM,10.0914751729,99.8321423991,4.0
232934,"Koh Yao Noi, Thailand",TH,HKT,8.1342122894,98.6140417475,4.0
3430,"Krabi, Thailand",TH,KBV,8.1149554090,99.0053392383,24.0
5994,"Pattaya, Thailand",TH,UTP,12.9176860195,100.9150464648,8.0
5683,"Phi Phi Island (Koh Phi Phi), Thailand",TH,HKT,7.7706224966,98.7762294544,4.0
2792,"Phuket, Thailand",TH,HKT,7.9716396610,98.3050617089,16.0
232767,"Hammamet, Tunisia",TN,NBE,36.4058025000,10.6120205000,7.0
7443,"Tunis, Tunisia",TN,TUN,36.8096987195,10.1703981055,12.0
232844,"Tunisia, Tunisia",TN,TN1,35.7486275181,10.2328935469,80.0
232788,"Aegan Coast, Turkey",TR,ADB,38.3266441000,26.7556713000,35.0
40856,"Aegean Region, Turkey",TR,BJV,37.4258780826,27.8998028359,47.0
2672,"Alanya, Turkey",TR,AYT,36.5644754334,31.9498375000,11.0
232787,"Antalya Region, Turkey",TR,AYT,36.5811099893,31.1204774093,55.0
485,"Antalya, Turkey",TR,AYT,36.8893954689,30.7089961792,10.0
40805,"Belek, Antalya Region, Turkey",TR,AYT,36.8603020000,31.0569500000,5.0
232786,"Bodrum Region, Turkey",TR,BJV,37.1908656823,27.3679219150,17.0
40837,"Cappadocia, Turkey",TR,NAV,38.6320956908,34.8566020315,10.0
232783,"Dalaman Region, Turkey",TR,DLM,36.7315517927,29.3886215546,60.0
1738,"Dalaman, Turkey",TR,DLM,36.7532609596,28.7912294233,8.0
40806,"Dalyan, Mugla, Turkey",TR,DLM,36.8336234401,28.6421856031,5.0
40039,"Hisaronu, Fethiye, Mugla, Turkey",TR,DLM,36.5747200000,29.1371170000,5.0
3159,"Istanbul, Turkey",TR,IST,41.0347003990,28.9780119854,20.0
232785,"Izmir Region, Turkey",TR,ADB,38.4200126144,27.0687233555,43.0
40822,"Kalkan, Kas, Antalya Region, Turkey",TR,DLM,36.2686120000,29.4100720000,4.0
40815,"Kas, Antalya Region, Turkey",TR,DLM,36.2008188696,29.6447008096,3.5
40909,"Kusadasi, Aydin, Turkey",TR,ADB,37.8044947883,27.2477033438,8.0
40850,"Marmaris, Mugla, Turkey",TR,DLM,36.8549000000,28.2717700000,3.0
40825,"Oludeniz, Mugla, Turkey",TR,DLM,36.5697839888,29.1410219259,5.0
7024,"Tobago, Trinidad and Tobago",TT,TAB,11.2172069454,-60.6858754063,17.0
57567,"Trinidad, Trinidad and Tobago",TT,POS,10.4397352774,-61.2639921055,40.0
2313,"Funafuti Atoll, Tuvalu",TV,FUN,-8.5316063306,179.1231859570,12.0
4447,"Mafia Island, Zanzibar, Tanzania",TZ,MFA,-7.8499540934,39.7940893555,17.0
5756,"Pemba Island, Zanazibar, Tanzania",TZ,PMA,-5.0425286193,39.7827189258,16.0
232959,"Zanzibar City, Zanzibar, Tanzania",TZ,ZNZ,-6.1816608999,39.2244927904,8.0
9082,"Zanzibar, Tanzania",TZ,ZNZ,-5.8535716125,39.9787429879,68.0
369,"Aspen, Colorado, United States",US,ASE,39.1905539836,-106.8195380579,3.0
400,"Atlanta, Georgia, United States",US,ATL,33.7489950000,-84.3879820000,12.0
232903,"Augusta, Georgia, United States",US,ATL,33.4765805691,-81.9810542187,15.0
381,"Austin, Texas, United States",US,AUS,30.2671530000,-97.7430610000,12.0
845,"Boston, Massachusetts, United States",US,BOS,42.3584310000,-71.0597730000,5.0
1247,"Chicago, Illinois, United States",US,CHI,41.8781140000,-87.6297980000,14.0
1669,"Dallas, Texas, United States",US,DFW,32.7833296630,-96.8008220479,18.0
193262,"Florida Gulf Coast, Florida, United States of America",US,MIA,27.5432049280,-82.9196374219,70.0
2828,"Honolulu, Oahu, Hawaii, United States",US,HNL,21.3069440000,-157.8583330000,6.0
2853,"Houston, Texas, United States",US,HOU,29.7627780000,-95.3830560000,16.0
210821,"Las Vegas, Nevada, United States of America",US,LAS,36.1254699334,-115.1678085449,16.0
3910,"Los Angeles, California, United States",US,LAX,34.0522340000,-118.2436850000,17.0
4502,"Manhattan, Kansas, United States",US,MHK,39.1834834867,-96.5734462744,5.0
232971,"Manhattan, New York, United States",US,NYC,40.7507750462,-73.9853736348,3.5
192926,"Miami Beach, Florida, United States of America",US,MIA,25.8209556277,-80.0808132800,6.0
4515,"Miami, Florida, United States of America",US,MIA,25.7621399473,-80.2040546744,16.0
209129,"Mid Beach, Miami Beach, Florida, United States of America",US,MIA,25.8143435889,-80.1220876508,1.0
806,"Nashville, Tennessee, United States",US,BNA,36.1594640219,-86.7746884082,8.0
4765,"New Orleans, Louisiana, United States",US,MSY,29.9647220000,-90.0705560000,16.0
5217,"New York City, New York, United States of America",US,NYC,40.7507750462,-73.9853736348,4.0
5418,"Orlando, United States",US,ORL,28.5336110000,-81.3866670000,30.0
5672,"Philadelphia, Pennsylvania, United States",US,PHL,39.9523350000,-75.1637890000,12.0
6538,"San Francisco, United States",US,SFO,37.6918430825,-122.4475674658,20.0
6438,"Savannah, Georgia, United States",US,SAV,32.0835410000,-81.0998340000,17.0
6508,"Seattle, Washington, United States",US,SEA,47.6062090000,-122.3320710000,12.0
210850,"Washington D.C., Washington, District of Columbia, United States of America",US,WAS,38.9012870000,-77.0285800000,15.0
7710,"Can Tho, Vietnam",VN,VCA,10.0326851941,105.7488805396,6.0
1606,"Da Nang, Vietnam",VN,DAD,16.0527595316,108.2187728467,10.0
7724,"Dong Hoi, Vietnam",VN,VDH,17.5093521640,106.5873742645,3.0
2687,"Hanoi, Vietnam",VN,HAN,21.0181793382,105.8399048574,8.0
6560,"Ho Chi Minh City, Vietnam",VN,SGN,10.8194522428,106.6291736929,13.0
232998,"Hoi An, Vietnam",VN,DAD,15.8794792539,108.3315820952,6.0
232933,"Ninh Van Bay, Vietnam",VN,CXR,12.3711269619,109.2378358305,8.0
7551,"Qui Nhon, Vietnam",VN,UIH,13.7774483949,109.2130004126,6.0
6799,"Son-La, Vietnam",VN,SQH,21.3204360438,103.9110168457,6.0
7280,"Tamky, Vietnam",VN,TMK,15.5519178955,108.5047628027,14.0
7048,"Tuy Hoa, Vietnam",VN,TBB,13.0883122741,109.3012678516,12.0
7758,"Vinh City, Vietnam",VN,VII,18.6847149646,105.6741854077,7.0
232845,"Vung Tau, Tau Province, Vietnam",VN,SGN,10.4033386000,107.1230507000,7.0
1425,"Cape Town, South Africa",ZA,CPT,-33.9780169234,18.4934921738,12.0
232979,"Franschhoek, Western Cape, South Africa",ZA,CPT,-33.9079597555,19.1320982837,4.0
232978,"Knysna, Western Cape, South Africa",ZA,GRJ,-34.0362604266,23.0529307593,4.0
232989,"Pilanesberg, South Africa",ZA,JNB,-25.2488560995,27.1095215452,9.0
4281,"Livingstone, Zambia",ZM,LVI,-17.8591211255,25.8558676299,11.0
